[{"pk": 1, "model": "testapp.related", "fields": {"name": "related_0"}}, {"pk": 2, "model": "testapp.related", "fields": {"name": "related_1"}}, {"pk": 3, "model": "testapp.related", "fields": {"name": "related_2"}}, {"pk": 4, "model": "testapp.related", "fields": {"name": "related_3"}}, {"pk": 5, "model": "testapp.related", "fields": {"name": "related_4"}}, {"pk": 6, "model": "testapp.related", "fields": {"name": "related_5"}}, {"pk": 7, "model": "testapp.related", "fields": {"name": "related_6"}}, {"pk": 8, "model": "testapp.related", "fields": {"name": "related_7"}}, {"pk": 9, "model": "testapp.related", "fields": {"name": "related_8"}}, {"pk": 10, "model": "testapp.related", "fields": {"name": "related_9"}}, {"pk": 1, "model": "testapp.m2m", "fields": {"name": "m2m_0"}}, {"pk": 2, "model": "testapp.m2m", "fields": {"name": "m2m_1"}}, {"pk": 3, "model": "testapp.m2m", "fields": {"name": "m2m_2"}}, {"pk": 4, "model": "testapp.m2m", "fields": {"name": "m2m_3"}}, {"pk": 5, "model": "testapp.m2m", "fields": {"name": "m2m_4"}}, {"pk": 6, "model": "testapp.m2m", "fields": {"name": "m2m_5"}}, {"pk": 7, "model": "testapp.m2m", "fields": {"name": "m2m_6"}}, {"pk": 8, "model": "testapp.m2m", "fields": {"name": "m2m_7"}}, {"pk": 9, "model": "testapp.m2m", "fields": {"name": "m2m_8"}}, {"pk": 10, "model": "testapp.m2m", "fields": {"name": "m2m_9"}}, {"pk": 11, "model": "testapp.m2m", "fields": {"name": "search_1"}}, {"pk": 12, "model": "testapp.m2m", "fields": {"name": "search_2"}}, {"pk": 13, "model": "testapp.m2m", "fields": {"name": "search_3"}}, {"pk": 14, "model": "testapp.m2m", "fields": {"name": "search_4"}}, {"pk": 15, "model": "testapp.m2m", "fields": {"name": "search_5"}}, {"pk": 16, "model": "testapp.m2m", "fields": {"name": "search_6"}}, {"pk": 17, "model": "testapp.m2m", "fields": {"name": "search_7"}}, {"pk": 18, "model": "testapp.m2m", "fields": {"name": "search_8"}}, {"pk": 19, "model": "testapp.m2m", "fields": {"name": "search_9"}}, {"pk": 20, "model": "testapp.m2m", "fields": {"name": "search_10"}}, {"pk": 1, "model": "testapp.search", "fields": {"name": "search_1", "text": "sampletext 111 sampletext", "excluded_field2": "R", "stored_string": "HnfzmqDyyNiYRgQvW", "datetime": "1994-07-08T18:20:28Z", "m2m": [], "uint": 3204, "excluded_field": "bjKsbqrxV", "bool": true, "related": 1}}, {"pk": 2, "model": "testapp.search", "fields": {"name": "search_2", "text": "sampletext 222 sampletext", "excluded_field2": "L", "stored_string": "SPVaqilcgRstwtEKgXdzj", "datetime": "1997-05-25T14:12:43Z", "m2m": [], "uint": -9318, "excluded_field": "bRmnqVI", "bool": false, "related": 2}}, {"pk": 3, "model": "testapp.search", "fields": {"name": "search_3", "text": "sampletext 333 sampletext", "excluded_field2": "M", "stored_string": "qiNPLRAyhHjlHNEogDAyDcmFFDTYvRrGNSPnZPoIkrHXD", "datetime": "2012-05-20T00:27:09Z", "m2m": [], "uint": 7375, "excluded_field": "CEH", "bool": false, "related": 3}}, {"pk": 4, "model": "testapp.search", "fields": {"name": "search_4", "text": "sampletext 444 sampletext", "excluded_field2": "FUsfT", "stored_string": "eOFJxFYpySnUnQFqOqallszukBlcURzo", "datetime": "2012-12-01T01:04:33Z", "m2m": [], "uint": -8988, "excluded_field": "frLaqWrtfh", "bool": true, "related": 4}}, {"pk": 5, "model": "testapp.search", "fields": {"name": "search_5", "text": "sampletext 555 sampletext", "excluded_field2": "muUXn", "stored_string": "qmNfzohtZjCWcHUuZcWAShICyEqkaINqroPVMAyDbeOyURAzyrCFsqKJuMXmiXbwCqfmsoWJvwGKrfijCitEEoJlA", "datetime": "1995-09-20T09:15:17Z", "m2m": [], "uint": -5584, "excluded_field": "tn", "bool": true, "related": 5}}, {"pk": 6, "model": "testapp.search", "fields": {"name": "search_6", "text": "sampletext 666 sampletext", "excluded_field2": "OZW", "stored_string": "QUFePfHdXqRqCZKBIomuTSYEHNnMoQMacREGCFuPMeAqeJwnCDjTsNmCEkU", "datetime": "1990-10-17T05:09:53Z", "m2m": [], "uint": -2444, "excluded_field": "jxDCOUKXS", "bool": true, "related": 6}}, {"pk": 7, "model": "testapp.search", "fields": {"name": "search_7", "text": "sampletext 777 sampletext", "excluded_field2": "DFAzOlO", "stored_string": "gGmHRoZytoTwbRWHyTVhWVvRPMuBZrhPzHidZTqOwFRXHuTmbFgWhJvJCT", "datetime": "1993-01-05T19:09:33Z", "m2m": [], "uint": -6289, "excluded_field": "LYaBg", "bool": true, "related": 7}}, {"pk": 8, "model": "testapp.search", "fields": {"name": "search_8", "text": "sampletext 888 sampletext", "excluded_field2": "NgyMsCoNxL", "stored_string": "KZgPgsjDLHDOsxELSasMSKwWpsgNsHoVtvzSDTDbWcDUOKApAWBn", "datetime": "2004-08-22T01:45:57Z", "m2m": [], "uint": 2072, "excluded_field": "WSrNZEU", "bool": false, "related": 8}}, {"pk": 9, "model": "testapp.search", "fields": {"name": "search_9", "text": "sampletext 999 sampletext", "excluded_field2": "EYhJ", "stored_string": "DyXgyhqnqNsJvICiCXqnWzFwEnAKzhjMfaPmpMLvNqtufPtfPNjle", "datetime": "2012-06-15T13:06:25Z", "m2m": [], "uint": 4791, "excluded_field": "rGTEn", "bool": false, "related": 9}}, {"pk": 10, "model": "testapp.search", "fields": {"name": "search_10", "text": "sampletext 101010 sampletext", "excluded_field2": "ByInfxYo", "stored_string": "BQgOnjYEGVSHmtANanLWwkjBaZTGtdDVrA", "datetime": "2005-12-16T06:18:20Z", "m2m": [], "uint": -8038, "excluded_field": "TzwAGsMXu", "bool": true, "related": 10}}]